key,0,1,2,3,4,5,6
#,Icon,Name,Description,,,,
int32,Image,str,str,str,str,str,str
0,,"●설명용 날씨","●하겠습니다","●하겠으며","●했다가","●해지겠으며","●해지겠습니다"
1,"ui/icon/060000/060201.tex","쾌청","쾌청하겠습니다","쾌청하겠으며","쾌청했다가","쾌청해지겠으며","쾌청해지겠습니다"
2,"ui/icon/060000/060202.tex","맑음","맑겠습니다","맑겠으며","맑았다가","맑아지겠으며","맑아지겠습니다"
3,"ui/icon/060000/060203.tex","흐림","흐리겠습니다","흐리겠으며","흐렸다가","흐려지겠으며","흐려지겠습니다"
4,"ui/icon/060000/060204.tex","안개","안개가 끼겠습니다","안개가 끼겠으며","안개가 꼈다가","안개가 끼겠으며","안개가 끼겠습니다"
5,"ui/icon/060000/060205.tex","바람","바람이 불겠습니다","바람이 불겠으며","바람이 불었다가","바람이 불겠으며","바람이 불겠습니다"
6,"ui/icon/060000/060206.tex","폭풍","폭풍이 불겠습니다","폭풍이 불겠으며","폭풍이 불었다가","폭풍이 불겠으며","폭풍이 불겠습니다"
7,"ui/icon/060000/060207.tex","비","비가 내리겠습니다","비가 내리겠으며","비가 내렸다가","비가 내리겠으며","비가 내리겠습니다"
8,"ui/icon/060000/060208.tex","폭우","폭우가 쏟아지겠습니다","폭우가 쏟아지겠으며","폭우가 쏟아졌다가","폭우가 쏟아지겠으며","폭우가 쏟아지겠습니다"
9,"ui/icon/060000/060209.tex","번개","번개가 치겠습니다","번개가 치겠으며","번개가 쳤다가","번개가 치겠으며","번개가 치겠습니다"
10,"ui/icon/060000/060210.tex","뇌우","뇌우가 퍼붓겠습니다","뇌우가 퍼붓겠으며","뇌우가 퍼붓다가","뇌우가 퍼붓겠으며","뇌우가 퍼붓겠습니다"
11,"ui/icon/060000/060211.tex","모래먼지","모래먼지가 일겠습니다","모래먼지가 일겠으며","모래먼지가 일었다가","모래먼지가 일겠으며","모래먼지가 일겠습니다"
12,"ui/icon/060000/060212.tex","모래폭풍","모래폭풍이 불겠습니다","모래폭풍이 불겠으며","모래폭풍이 불었다가","모래폭풍이 불겠으며","모래폭풍이 불겠습니다"
13,"ui/icon/060000/060213.tex","열파","열파가 발생하겠습니다","열파가 발생하겠으며","열파가 발생했다가","열파가 발생하겠으며","열파가 발생하겠습니다"
14,"ui/icon/060000/060214.tex","작열파","작열파가 발생하겠습니다","작열파가 발생하겠으며","작열파가 발생했다가","작열파가 발생하겠으며","작열파가 발생하겠습니다"
15,"ui/icon/060000/060215.tex","눈","눈이 내리겠습니다","눈이 내리겠으며","눈이 내렸다가","눈이 내리겠으며","눈이 내리겠습니다"
16,"ui/icon/060000/060216.tex","눈보라","눈보라가 치겠습니다","눈보라가 치겠으며","눈보라가 쳤다가","눈보라가 치겠으며","눈보라가 치겠습니다"
17,"ui/icon/060000/060218.tex","요마의 안개","요마의 안개가 끼겠습니다","요마의 안개가 끼겠으며","요마의 안개가 꼈다가","요마의 안개가 끼겠으며","요마의 안개가 끼겠습니다"
18,"ui/icon/060000/060217.tex","오로라","오로라가 나타나겠습니다","오로라가 나타나겠으며","오로라가 나타났다가","오로라가 나타나겠으며","오로라가 나타나겠습니다"
19,"ui/icon/060000/060251.tex","어둠","어둡겠습니다","어둡겠으며","어두워졌다가","어두워지겠으며","어두워지겠습니다"
20,"ui/icon/060000/060255.tex","투기","투기를 띠겠습니다","투기를 띠겠으며","투기를 띠다가","투기를 띠겠으며","투기를 띠겠습니다"
21,"ui/icon/060000/060203.tex","흐림","흐리겠습니다","흐리겠으며","흐렸다가","흐려지겠으며","흐려지겠습니다"
22,"ui/icon/060000/060259.tex","뇌운","뇌운이 발생하겠습니다","뇌운이 발생하겠으며","뇌운이 발생했다가","뇌운이 발생하겠으며","뇌운이 발생하겠습니다"
23,"ui/icon/060000/060258.tex","파랑","파랑이 일겠습니다","파랑이 일겠으며","파랑이 일다가","파랑이 일겠으며","파랑이 일겠습니다"
24,"ui/icon/060000/060258.tex","파랑","파랑이 일겠습니다","파랑이 일겠으며","파랑이 일다가","파랑이 일겠으며","파랑이 일겠습니다"
25,"ui/icon/060000/060257.tex","먹구름","먹구름이 끼겠습니다","먹구름이 끼겠으며","먹구름이 꼈다가","먹구름이 끼겠으며","먹구름이 끼겠습니다"
26,"ui/icon/060000/060252.tex","작열파","작열파가 발생하겠습니다","작열파가 발생하겠으며","작열파가 발생했다가","작열파가 발생하겠으며","작열파가 발생하겠습니다"
27,"ui/icon/060000/060256.tex","요마의 안개","요마의 안개가 끼겠습니다","요마의 안개가 끼겠으며","요마의 안개가 꼈다가","요마의 안개가 끼겠으며","요마의 안개가 끼겠습니다"
28,"ui/icon/060000/060253.tex","폭풍","폭풍이 불겠습니다","폭풍이 불겠으며","폭풍이 불었다가","폭풍이 불겠으며","폭풍이 불겠습니다"
29,"ui/icon/060000/060254.tex","분화","화산이 분화하겠습니다","화산이 분화하겠으며","화산이 분화했다가","화산이 분화하겠으며","화산이 분화하겠습니다"
30,"ui/icon/060000/060202.tex","맑음","맑겠습니다","맑겠으며","맑았다가","맑아지겠으며","맑아지겠습니다"
31,"ui/icon/060000/060202.tex","맑음","맑겠습니다","맑겠으며","맑았다가","맑아지겠으며","맑아지겠습니다"
32,"ui/icon/060000/060202.tex","맑음","맑겠습니다","맑겠으며","맑았다가","맑아지겠으며","맑아지겠습니다"
33,"ui/icon/060000/060202.tex","맑음","맑겠습니다","맑겠으며","맑았다가","맑아지겠으며","맑아지겠습니다"
34,"ui/icon/060000/060202.tex","맑음","맑겠습니다","맑겠으며","맑았다가","맑아지겠으며","맑아지겠습니다"
35,"ui/icon/060000/060260.tex","극광","극광이 나타나겠습니다","극광이 나타나겠으며","극광이 나타났다가","극광이 나타나겠으며","극광이 나타나겠습니다"
36,"ui/icon/060000/060261.tex","용핵","용핵이 진동하겠습니다","용핵이 진동하겠으며","용핵이 진동하다가","용핵이 진동하겠으며","용핵이 진동하겠습니다"
37,"ui/icon/060000/060261.tex","용핵","용핵이 진동하겠습니다","용핵이 진동하겠으며","용핵이 진동하다가","용핵이 진동하겠으며","용핵이 진동하겠습니다"
38,"ui/icon/060000/060261.tex","용핵","용핵이 진동하겠습니다","용핵이 진동하겠으며","용핵이 진동하다가","용핵이 진동하겠으며","용핵이 진동하겠습니다"
39,"ui/icon/060000/060261.tex","용핵","용핵이 진동하겠습니다","용핵이 진동하겠으며","용핵이 진동하다가","용핵이 진동하겠으며","용핵이 진동하겠습니다"
40,"ui/icon/060000/060262.tex","떼구름","떼구름이 끼겠습니다","떼구름이 끼겠으며","떼구름이 끼었다가","떼구름이 끼겠으며","떼구름이 끼겠습니다"
41,"ui/icon/060000/060262.tex","떼구름","떼구름이 끼겠습니다","떼구름이 끼겠으며","떼구름이 끼었다가","떼구름이 끼겠으며","떼구름이 끼겠습니다"
42,"ui/icon/060000/060262.tex","떼구름","떼구름이 끼겠습니다","떼구름이 끼겠으며","떼구름이 끼었다가","떼구름이 끼겠으며","떼구름이 끼겠습니다"
43,"ui/icon/060000/060262.tex","떼구름","떼구름이 끼겠습니다","떼구름이 끼겠으며","떼구름이 끼었다가","떼구름이 끼겠으며","떼구름이 끼겠습니다"
44,"ui/icon/060000/060264.tex","섭리","섭리를 비추겠습니다","섭리를 비추겠으며","섭리를 비추다가","섭리를 비추겠으며","섭리를 비추겠습니다"
45,"ui/icon/060000/060264.tex","섭리","섭리를 비추겠습니다","섭리를 비추겠으며","섭리를 비추다가","섭리를 비추겠으며","섭리를 비추겠습니다"
46,"ui/icon/060000/060264.tex","섭리","섭리를 비추겠습니다","섭리를 비추겠으며","섭리를 비추다가","섭리를 비추겠으며","섭리를 비추겠습니다"
47,"ui/icon/060000/060264.tex","섭리","섭리를 비추겠습니다","섭리를 비추겠으며","섭리를 비추다가","섭리를 비추겠으며","섭리를 비추겠습니다"
48,"ui/icon/060000/060264.tex","섭리","섭리를 비추겠습니다","섭리를 비추겠으며","섭리를 비추다가","섭리를 비추겠으며","섭리를 비추겠습니다"
49,"ui/icon/060000/060219.tex","그림자바람","그림자바람이 불겠습니다","그림자바람이 불겠으며","그림자바람이 불다가","그림자바람이 불겠으며","그림자바람이 불겠습니다"
50,"ui/icon/060000/060220.tex","방전","방전이 일어나겠습니다","방전이 일어나겠으며","방전이 일다가","방전이 일어나겠으며","방전이 일어나겠습니다"
51,"ui/icon/060000/060263.tex","연무","연무가 끼겠습니다","연무가 끼겠으며","연무가 끼었다가","연무가 끼겠으며","연무가 끼겠습니다"
52,"ui/icon/060000/060202.tex","맑음","맑겠습니다","맑겠으며","맑았다가","맑아지겠으며","맑아지겠습니다"
53,"ui/icon/060000/060226.tex","야수번개","야수번개가 치겠습니다","야수번개가 치겠으며","야수번개가 치다가","야수번개가 치겠으며","야수번개가 치겠습니다"
54,"ui/icon/060000/060227.tex","번개파동","번개파동이 발생하겠습니다","번개파동이 발생하겠으며","번개파동이 발생하다가","번개파동이 발생하겠으며","번개파동이 발생하겠습니다"
55,"ui/icon/060000/060226.tex","야수번개","야수번개가 치겠습니다","야수번개가 치겠으며","야수번개가 치다가","야수번개가 치겠으며","야수번개가 치겠습니다"
56,"ui/icon/060000/060264.tex","섭리","섭리를 비추겠습니다","섭리를 비추겠으며","섭리를 비추다가","섭리를 비추겠으며","섭리를 비추겠습니다"
57,"ui/icon/060000/060209.tex","번개","번개가 치겠습니다","번개가 치겠으며","번개가 쳤다가","번개가 치겠으며","번개가 치겠습니다"
58,"ui/icon/060000/060209.tex","번개","번개가 치겠습니다","번개가 치겠으며","번개가 쳤다가","번개가 치겠으며","번개가 치겠습니다"
59,,"","","","","",""
60,"ui/icon/060000/060265.tex","신비","신비롭겠습니다","신비롭겠으며","신비롭겠다가","신비롭겠으며","신비로워지겠습니다"
61,"ui/icon/060000/060265.tex","신비","신비롭겠습니다","신비롭겠으며","신비롭겠다가","신비롭겠으며","신비로워지겠습니다"
62,"ui/icon/060000/060207.tex","비","비가 내리겠습니다","비가 내리겠으며","비가 내렸다가","비가 내리겠으며","비가 내리겠습니다"
63,"ui/icon/060000/060202.tex","맑음","맑겠습니다","맑겠으며","맑았다가","맑아지겠으며","맑아지겠습니다"
64,"ui/icon/060000/060207.tex","비","비가 내리겠습니다","비가 내리겠으며","비가 내렸다가","비가 내리겠으며","비가 내리겠습니다"
65,"ui/icon/060000/060202.tex","맑음","맑겠습니다","맑겠으며","맑았다가","맑아지겠으며","맑아지겠습니다"
66,"ui/icon/060000/060266.tex","사룡의 원념","사룡의 원념을 띠겠습니다","사룡의 원념을 띠겠으며","사룡의 원념을 띠었다가","사룡의 원념을 띠겠으며","사룡의 원념을 띠겠습니다"
67,"ui/icon/060000/060266.tex","사룡의 원념","사룡의 원념을 띠겠습니다","사룡의 원념을 띠겠으며","사룡의 원념을 띠었다가","사룡의 원념을 띠겠으며","사룡의 원념을 띠겠습니다"
68,"ui/icon/060000/060202.tex","맑음","맑겠습니다","맑겠으며","맑았다가","맑아지겠으며","맑아지겠습니다"
69,"ui/icon/060000/060267.tex","조화","조화롭겠습니다","조화롭겠으며","조화롭다가","조화로워지겠으며","조화로워지겠습니다"
70,"ui/icon/060000/060267.tex","조화","조화롭겠습니다","조화롭겠으며","조화롭다가","조화로워지겠으며","조화로워지겠습니다"
71,"ui/icon/060000/060268.tex","시류","시류가 흐르겠습니다","시류가 흐르겠으며","시류가 흐르다가","시류가 흐르겠으며","시류가 흐르겠습니다"
72,"ui/icon/060000/060268.tex","시류","시류가 흐르겠습니다","시류가 흐르겠으며","시류가 흐르다가","시류가 흐르겠으며","시류가 흐르겠습니다"
73,"ui/icon/060000/060268.tex","시류","시류가 흐르겠습니다","시류가 흐르겠으며","시류가 흐르다가","시류가 흐르겠으며","시류가 흐르겠습니다"
74,"ui/icon/060000/060269.tex","귀기","귀기가 서리겠습니다","귀기가 서리겠으며","귀기가 서렸다가","귀기가 서리겠으며","귀기가 서리겠습니다"
75,"ui/icon/060000/060269.tex","귀기","귀기가 서리겠습니다","귀기가 서리겠으며","귀기가 서렸다가","귀기가 서리겠으며","귀기가 서리겠습니다"
76,"ui/icon/060000/060269.tex","귀기","귀기가 서리겠습니다","귀기가 서리겠으며","귀기가 서렸다가","귀기가 서리겠으며","귀기가 서리겠습니다"
77,"ui/icon/060000/060274.tex","차원","차원의 틈이 벌어지겠습니다","차원의 틈이 벌어지겠으며","차원의 틈이 벌어졌다가","차원의 틈이 벌어지겠으며","차원의 틈이 벌어지겠습니다"
78,"ui/icon/060000/060274.tex","차원","차원의 틈이 벌어지겠습니다","차원의 틈이 벌어지겠으며","차원의 틈이 벌어졌다가","차원의 틈이 벌어지겠으며","차원의 틈이 벌어지겠습니다"
79,"ui/icon/060000/060274.tex","차원","차원의 틈이 벌어지겠습니다","차원의 틈이 벌어지겠으며","차원의 틈이 벌어졌다가","차원의 틈이 벌어지겠으며","차원의 틈이 벌어지겠습니다"
80,"ui/icon/060000/060271.tex","호우","호우가 내리겠습니다","호우가 내리겠으며","호우가 내리다가","호우가 내리겠으며","호우가 내리겠습니다"
81,"ui/icon/060000/060271.tex","호우","호우가 내리겠습니다","호우가 내리겠으며","호우가 내리다가","호우가 내리겠으며","호우가 내리겠습니다"
82,"ui/icon/060000/060270.tex","미혹","미혹에 빠지겠습니다","미혹에 빠지겠으며","미혹에 빠졌다가","미혹에 빠지겠으며","미혹에 빠지겠습니다"
83,"ui/icon/060000/060270.tex","미혹","미혹에 빠지겠습니다","미혹에 빠지겠으며","미혹에 빠졌다가","미혹에 빠지겠으며","미혹에 빠지겠습니다"
84,"ui/icon/060000/060272.tex","신룡의 폭풍","신룡의 폭풍이 치겠습니다","신룡의 폭풍이 치겠으며","신룡의 폭풍이 치다가","신룡의 폭풍이 치겠으며","신룡의 폭풍이 치겠습니다"
85,"ui/icon/060000/060272.tex","신룡의 폭풍","신룡의 폭풍이 치겠습니다","신룡의 폭풍이 치겠으며","신룡의 폭풍이 치다가","신룡의 폭풍이 치겠으며","신룡의 폭풍이 치겠습니다"
86,"ui/icon/060000/060271.tex","호우","호우가 내리겠습니다","호우가 내리겠으며","호우가 내리다가","호우가 내리겠으며","호우가 내리겠습니다"
87,"ui/icon/060000/060273.tex","전선뇌우","전선뇌우가 치겠습니다","전선뇌우가 치겠으며","전선뇌우가 치다가","전선뇌우가 치겠으며","전선뇌우가 치겠습니다"
88,"ui/icon/060000/060209.tex","번개","번개가 치겠습니다","번개가 치겠으며","번개가 쳤다가","번개가 치겠으며","번개가 치겠습니다"
89,"ui/icon/060000/060274.tex","차원","차원의 틈이 벌어지겠습니다","차원의 틈이 벌어지겠으며","차원의 틈이 벌어졌다가","차원의 틈이 벌어지겠으며","차원의 틈이 벌어지겠습니다"
90,"ui/icon/060000/060202.tex","맑음","맑겠습니다","맑겠으며","맑았다가","맑아지겠으며","맑아지겠습니다"
91,"ui/icon/060000/060201.tex","쾌청","쾌청하겠습니다","쾌청하겠으며","쾌청했다가","쾌청해지겠으며","쾌청해지겠습니다"
92,"ui/icon/060000/060275.tex","하얀 폭풍","하얀 폭풍이 치겠습니다","하얀 폭풍이 치겠으며","하얀 폭풍이 치다가","하얀 폭풍이 치겠으며","하얀 폭풍이 치겠습니다"
93,"ui/icon/060000/060275.tex","하얀 폭풍","하얀 폭풍이 치겠습니다","하얀 폭풍이 치겠으며","하얀 폭풍이 치다가","하얀 폭풍이 치겠으며","하얀 폭풍이 치겠습니다"
94,"ui/icon/060000/060275.tex","하얀 폭풍","하얀 폭풍이 치겠습니다","하얀 폭풍이 치겠으며","하얀 폭풍이 치다가","하얀 폭풍이 치겠으며","하얀 폭풍이 치겠습니다"
95,"ui/icon/060000/060277.tex","환상","환상이 펼쳐지겠습니다","환상이 펼쳐지겠으며","환상이 펼쳐지다가","환상이 펼쳐지겠으며","환상이 펼쳐지겠습니다"
96,"ui/icon/060000/060275.tex","하얀 폭풍","하얀 폭풍이 치겠습니다","하얀 폭풍이 치겠으며","하얀 폭풍이 치다가","하얀 폭풍이 치겠으며","하얀 폭풍이 치겠습니다"
97,"ui/icon/060000/060276.tex","달빛","달빛이 비치겠습니다","달빛이 비치겠으며","달빛이 비치다가","달빛이 비치겠으며","달빛이 비치겠습니다"
98,"ui/icon/060000/060276.tex","달빛","달빛이 비치겠습니다","달빛이 비치겠으며","달빛이 비치다가","달빛이 비치겠으며","달빛이 비치겠습니다"
99,"ui/icon/060000/060276.tex","달빛","달빛이 비치겠습니다","달빛이 비치겠으며","달빛이 비치다가","달빛이 비치겠으며","달빛이 비치겠습니다"
100,"ui/icon/060000/060276.tex","달빛","달빛이 비치겠습니다","달빛이 비치겠으며","달빛이 비치다가","달빛이 비치겠으며","달빛이 비치겠습니다"
101,"ui/icon/060000/060293.tex","붉은 달","붉은 달이 뜨겠습니다","붉은 달이 뜨겠으며","붉은 달이 떴다가","붉은 달이 뜨겠으며","붉은 달이 뜨겠습니다"
102,"ui/icon/060000/060278.tex","붉은 불꽃 ","붉은 불꽃이 피어나겠습니다","붉은 불꽃이 피어나겠으며","붉은 불꽃이 피어나다가","붉은 불꽃이 피어나겠으며","붉은 불꽃이 피어나겠습니다"
103,"ui/icon/060000/060278.tex","붉은 불꽃 ","붉은 불꽃이 피어나겠습니다","붉은 불꽃이 피어나겠으며","붉은 불꽃이 피어나다가","붉은 불꽃이 피어나겠으며","붉은 불꽃이 피어나겠습니다"
104,"ui/icon/060000/060278.tex","붉은 불꽃 ","붉은 불꽃이 피어나겠습니다","붉은 불꽃이 피어나겠으며","붉은 불꽃이 피어나다가","붉은 불꽃이 피어나겠으며","붉은 불꽃이 피어나겠습니다"
105,"ui/icon/060000/060202.tex","맑음","맑겠습니다","맑겠으며","맑았다가","맑아지겠으며","맑아지겠습니다"
106,"ui/icon/060000/060202.tex","맑음","맑겠습니다","맑겠으며","맑았다가","맑아지겠으며","맑아지겠습니다"
107,"ui/icon/060000/060202.tex","맑음","맑겠습니다","맑겠으며","맑았다가","맑아지겠으며","맑아지겠습니다"
108,"ui/icon/060000/060202.tex","맑음","맑겠습니다","맑겠으며","맑았다가","맑아지겠으며","맑아지겠습니다"
109,"ui/icon/060000/060279.tex","화염","화염이 일겠습니다","화염이 일겠으며","화염이 일다가","화염이 일겠으며","화염이 일겠습니다"
110,"ui/icon/060000/060280.tex","해일","해일이 일겠습니다","해일이 일겠으며","해일이 일다가","해일이 일겠으며","해일이 일겠습니다"
111,"ui/icon/060000/060281.tex","회오리","회오리가 불겠습니다","회오리가 불겠으며","회오리가 불다가","회오리가 불겠으며","회오리가 불겠습니다"
112,"ui/icon/060000/060282.tex","지진","지진이 발생하겠습니다","지진이 발생하겠으며","지진이 발생하다가","지진이 발생하겠으며","지진이 발생하겠습니다"
113,"ui/icon/060000/060283.tex","푸른 봄날","푸른 봄날이 되겠습니다","푸른 봄날이 되겠으며","푸른 봄날이 되었다가","푸른 봄날이 되겠으며","푸른 봄날이 되겠습니다"
114,"ui/icon/060000/060283.tex","푸른 봄날","푸른 봄날이 되겠습니다","푸른 봄날이 되겠으며","푸른 봄날이 되었다가","푸른 봄날이 되겠으며","푸른 봄날이 되겠습니다"
115,"ui/icon/060000/060283.tex","푸른 봄날","푸른 봄날이 되겠습니다","푸른 봄날이 되겠으며","푸른 봄날이 되었다가","푸른 봄날이 되겠으며","푸른 봄날이 되겠습니다"
116,"ui/icon/060000/060284.tex","난령류","난령류가 형성되겠습니다","난령류가 형성되겠으며","난령류가 형성되었다가","난령류가 형성되겠으며","난령류가 형성되겠습니다"
117,"ui/icon/060000/060283.tex","푸른 봄날","푸른 봄날이 되겠습니다","푸른 봄날이 되겠으며","푸른 봄날이 되었다가","푸른 봄날이 되겠으며","푸른 봄날이 되겠습니다"
118,"ui/icon/060000/060221.tex","끝없는 빛","끝없는 빛이 비치겠습니다","끝없는 빛이 비치겠으며","끝없는 빛이 비쳤다가","끝없는 빛이 비치겠으며","끝없는 빛이 비치겠습니다"
119,"ui/icon/060000/060253.tex","폭풍","폭풍이 불겠습니다","폭풍이 불겠으며","폭풍이 불었다가","폭풍이 불겠으며","폭풍이 불겠습니다"
120,"ui/icon/060000/060287.tex","종말","종말이 찾아오겠습니다","종말이 찾아오겠으며","종말이 찾아왔다가","종말이 찾아오겠으며","종말이 찾아오겠습니다"
121,"ui/icon/060000/060287.tex","종말","종말이 찾아오겠습니다","종말이 찾아오겠으며","종말이 찾아왔다가","종말이 찾아오겠으며","종말이 찾아오겠습니다"
122,"ui/icon/060000/060285.tex","이상한 꿈","이상한 꿈을 꾸겠습니다","이상한 꿈을 꾸겠으며","이상한 꿈을 꾸다가","이상한 꿈을 꾸겠으며","이상한 꿈을 꾸겠습니다"
123,"ui/icon/060000/060285.tex","이상한 꿈","이상한 꿈을 꾸겠습니다","이상한 꿈을 꾸겠으며","이상한 꿈을 꾸다가","이상한 꿈을 꾸겠으며","이상한 꿈을 꾸겠습니다"
124,"ui/icon/060000/060285.tex","이상한 꿈","이상한 꿈을 꾸겠습니다","이상한 꿈을 꾸겠으며","이상한 꿈을 꾸다가","이상한 꿈을 꾸겠으며","이상한 꿈을 꾸겠습니다"
125,"ui/icon/060000/060286.tex","눈부신 하늘","눈부신 하늘이 되겠습니다","눈부신 하늘이 되겠으며","눈부신 하늘이 되었다가","눈부신 하늘이 되겠으며","눈부신 하늘이 되겠습니다"
126,"ui/icon/060000/060286.tex","눈부신 하늘","눈부신 하늘이 되겠습니다","눈부신 하늘이 되겠으며","눈부신 하늘이 되었다가","눈부신 하늘이 되겠으며","눈부신 하늘이 되겠습니다"
127,"ui/icon/060000/060287.tex","종말","종말이 찾아오겠습니다","종말이 찾아오겠으며","종말이 찾아왔다가","종말이 찾아오겠으며","종말이 찾아오겠습니다"
128,"ui/icon/060000/060287.tex","종말","종말이 찾아오겠습니다","종말이 찾아오겠으며","종말이 찾아왔다가","종말이 찾아오겠으며","종말이 찾아오겠습니다"
129,"ui/icon/060000/060221.tex","끝없는 빛","끝없는 빛이 비치겠습니다","끝없는 빛이 비치겠으며","끝없는 빛이 비쳤다가","끝없는 빛이 비치겠으며","끝없는 빛이 비치겠습니다"
130,"ui/icon/060000/060254.tex","분화","화산이 분화하겠습니다","화산이 분화하겠으며","화산이 분화했다가","화산이 분화하겠으며","화산이 분화하겠습니다"
131,"ui/icon/060000/060287.tex","종말","종말이 찾아오겠습니다","종말이 찾아오겠으며","종말이 찾아왔다가","종말이 찾아오겠으며","종말이 찾아오겠습니다"
132,"ui/icon/060000/060202.tex","맑음","맑겠습니다","맑겠으며","맑았다가","맑아지겠으며","맑아지겠습니다"
133,"ui/icon/060000/060288.tex","화속성풍","화속성풍이 불겠습니다","화속성풍이 불겠으며","화속성풍이 불다가","화속성풍이 불겠으며","화속성풍이 불겠습니다"
134,"ui/icon/060000/060289.tex","토속성풍","토속성풍이 불겠습니다","토속성풍이 불겠으며","토속성풍이 불다가","토속성풍이 불겠으며","토속성풍이 불겠습니다"
135,"ui/icon/060000/060290.tex","뇌속성풍","뇌속성풍이 불겠습니다","뇌속성풍이 불겠으며","뇌속성풍이 불다가","뇌속성풍이 불겠으며","뇌속성풍이 불겠습니다"
136,"ui/icon/060000/060291.tex","풍속성풍","풍속성풍이 불겠습니다","풍속성풍이 불겠으며","풍속성풍이 불다가","풍속성풍이 불겠으며","풍속성풍이 불겠습니다"
137,"ui/icon/060000/060296.tex","유성우","유성우가 쏟아지겠습니다","유성우가 쏟아지겠으며","유성우가 쏟아지다가","유성우가 쏟아지겠으며","유성우가 쏟아지겠습니다"
138,"ui/icon/060000/060294.tex","기억난류","기억난류가 흐르겠습니다","기억난류가 흐르겠으며","기억난류가 흐르다가","기억난류가 흐르겠으며","기억난류가 흐르겠습니다"
139,"ui/icon/060000/060203.tex","흐림","흐리겠습니다","흐리겠으며","흐렸다가","흐려지겠으며","흐려지겠습니다"
140,"ui/icon/060000/060203.tex","흐림","흐리겠습니다","흐리겠으며","흐렸다가","흐려지겠으며","흐려지겠습니다"
141,"ui/icon/060000/060260.tex","극광","극광이 나타나겠습니다","극광이 나타나겠으며","극광이 나타났다가","극광이 나타나겠으며","극광이 나타나겠습니다"
142,"ui/icon/060000/060260.tex","극광","극광이 나타나겠습니다","극광이 나타나겠으며","극광이 나타났다가","극광이 나타나겠으며","극광이 나타나겠습니다"
143,"ui/icon/060000/060259.tex","뇌운","뇌운이 발생하겠습니다","뇌운이 발생하겠으며","뇌운이 발생했다가","뇌운이 발생하겠으며","뇌운이 발생하겠습니다"
144,"ui/icon/060000/060295.tex","불바람","불바람이 불겠습니다","불바람이 불겠으며","불바람이 불다가","불바람이 불겠으며","불바람이 불겠습니다"
145,"ui/icon/060000/060292.tex","환해류","환해류가 흐르겠습니다","환해류가 흐르겠으며","환해류가 흐르다가","환해류가 흐르겠으며","환해류가 흐르겠습니다"
146,,"","","","","",""
147,"ui/icon/060000/060297.tex","결전","결전의 날이 다가오겠습니다","결전의 날이 다가오겠으며","결전의 날이 다가왔다가","결전의 날이 다가오겠으며","결전의 날이 다가오겠습니다"
148,"ui/icon/060000/060222.tex","달모래먼지","달모래먼지가 일겠습니다","달모래먼지가 일겠으며","달모래먼지가 일었다가","달모래먼지가 일겠으며","달모래먼지가 일겠습니다"
149,"ui/icon/060000/060223.tex","자기 폭풍","자기 폭풍이 불겠습니다","자기 폭풍이 불겠으며","자기 폭풍이 불었다가","자기 폭풍이 불겠으며","자기 폭풍이 불겠습니다"
150,"ui/icon/060000/060224.tex","종말","종말이 찾아오겠습니다","종말이 찾아오겠으며","종말이 찾아왔다가","종말이 찾아오겠으며","종말이 찾아오겠습니다"
151,"ui/icon/060000/060298.tex","별빛그림자","별빛그림자가 지겠습니다","별빛그림자가 지겠으며","별빛그림자가 지다가","별빛그림자가 지겠으며","별빛그림자가 지겠습니다"
152,"ui/icon/060000/060298.tex","별빛그림자","별빛그림자가 지겠습니다","별빛그림자가 지겠으며","별빛그림자가 지다가","별빛그림자가 지겠으며","별빛그림자가 지겠습니다"
153,"ui/icon/060000/060298.tex","별빛그림자","별빛그림자가 지겠습니다","별빛그림자가 지겠으며","별빛그림자가 지다가","별빛그림자가 지겠으며","별빛그림자가 지겠습니다"
154,"ui/icon/060000/060298.tex","별빛그림자","별빛그림자가 지겠습니다","별빛그림자가 지겠으며","별빛그림자가 지다가","별빛그림자가 지겠으며","별빛그림자가 지겠습니다"
155,"ui/icon/060000/060298.tex","별빛그림자","별빛그림자가 지겠습니다","별빛그림자가 지겠으며","별빛그림자가 지다가","별빛그림자가 지겠으며","별빛그림자가 지겠습니다"
156,"ui/icon/060000/060225.tex","가상","가상이 펼쳐지겠습니다","가상이 펼쳐지겠으며","가상이 펼쳐졌다가","가상이 펼쳐지겠으며","가상이 펼쳐지겠습니다"
157,"ui/icon/060000/060228.tex","마의 전당","마의 전당이 열리겠습니다","마의 전당이 열리겠으며","마의 전당이 열렸다가","마의 전당이 열리겠으며","마의 전당이 열리겠습니다"
158,"ui/icon/060000/060228.tex","마의 전당","마의 전당이 열리겠습니다","마의 전당이 열리겠으며","마의 전당이 열렸다가","마의 전당이 열리겠으며","마의 전당이 열리겠습니다"
159,"ui/icon/060000/060228.tex","마의 전당","마의 전당이 열리겠습니다","마의 전당이 열리겠으며","마의 전당이 열렸다가","마의 전당이 열리겠으며","마의 전당이 열리겠습니다"
160,"ui/icon/060000/060299.tex","종극","종극에 다다르겠습니다","종극에 다다르겠으며","종극에 다다랐다가","종극에 다다르겠으며","종극에 다다르겠습니다"
161,"ui/icon/060000/060229.tex","절망","절망에 빠지겠습니다","절망에 빠지겠으며","절망에 빠졌다가","절망에 빠지겠으며","절망에 빠지겠습니다"
162,"ui/icon/060000/060230.tex","신역","신역이 열리겠습니다","신역이 열리겠으며","신역이 열렸다가","신역이 열리겠으며","신역이 열리겠습니다"
163,"ui/icon/060000/060230.tex","신역","신역이 열리겠습니다","신역이 열리겠으며","신역이 열렸다가","신역이 열리겠으며","신역이 열리겠습니다"
164,"ui/icon/060000/060230.tex","신역","신역이 열리겠습니다","신역이 열리겠으며","신역이 열렸다가","신역이 열리겠으며","신역이 열리겠습니다"
165,"ui/icon/060000/060230.tex","신역","신역이 열리겠습니다","신역이 열리겠으며","신역이 열렸다가","신역이 열리겠으며","신역이 열리겠습니다"
166,"ui/icon/060000/060230.tex","신역","신역이 열리겠습니다","신역이 열리겠으며","신역이 열렸다가","신역이 열리겠으며","신역이 열리겠습니다"
167,"ui/icon/060000/060230.tex","신역","신역이 열리겠습니다","신역이 열리겠으며","신역이 열렸다가","신역이 열리겠으며","신역이 열리겠습니다"
168,"ui/icon/060000/060230.tex","신역","신역이 열리겠습니다","신역이 열리겠으며","신역이 열렸다가","신역이 열리겠으며","신역이 열리겠습니다"
169,"ui/icon/060000/060230.tex","신역","신역이 열리겠습니다","신역이 열리겠으며","신역이 열렸다가","신역이 열리겠으며","신역이 열리겠습니다"
170,"ui/icon/060000/060266.tex","사룡의 원념","사룡의 원념을 띠겠습니다","사룡의 원념을 띠겠으며","사룡의 원념을 띠었다가","사룡의 원념을 띠겠으며","사룡의 원념을 띠겠습니다"
171,"ui/icon/060000/060231.tex","허무","허무가 덮치겠습니다","허무가 덮치겠으며","허무가 덮쳤다가","허무가 덮치겠으며","허무가 덮치겠습니다"
172,"ui/icon/060000/060231.tex","허무","허무가 덮치겠습니다","허무가 덮치겠으며","허무가 덮쳤다가","허무가 덮치겠으며","허무가 덮치겠습니다"
173,"ui/icon/060000/060231.tex","허무","허무가 덮치겠습니다","허무가 덮치겠으며","허무가 덮쳤다가","허무가 덮치겠으며","허무가 덮치겠습니다"
174,"ui/icon/060000/060274.tex","차원","차원의 틈이 벌어지겠습니다","차원의 틈이 벌어지겠으며","차원의 틈이 벌어졌다가","차원의 틈이 벌어지겠으며","차원의 틈이 벌어지겠습니다"
175,"ui/icon/060000/060274.tex","차원","차원의 틈이 벌어지겠습니다","차원의 틈이 벌어지겠으며","차원의 틈이 벌어졌다가","차원의 틈이 벌어지겠으며","차원의 틈이 벌어지겠습니다"
176,"ui/icon/060000/060274.tex","차원","차원의 틈이 벌어지겠습니다","차원의 틈이 벌어지겠으며","차원의 틈이 벌어졌다가","차원의 틈이 벌어지겠으며","차원의 틈이 벌어지겠습니다"
177,"ui/icon/060000/060228.tex","마의 전당","마의 전당이 열리겠습니다","마의 전당이 열리겠으며","마의 전당이 열렸다가","마의 전당이 열리겠으며","마의 전당이 열리겠습니다"
178,"ui/icon/060000/060228.tex","마의 전당","마의 전당이 열리겠습니다","마의 전당이 열리겠으며","마의 전당이 열렸다가","마의 전당이 열리겠으며","마의 전당이 열리겠습니다"
179,"ui/icon/060000/060232.tex","시상","시상이 펼쳐지겠으며","시상이 펼쳐지겠으며","시상이 펼쳐졌다가","시상이 펼쳐지겠으며","시상이 펼쳐지겠습니다"
180,"ui/icon/060000/060231.tex","허무","허무가 덮치겠습니다","허무가 덮치겠으며","허무가 덮쳤다가","허무가 덮치겠으며","허무가 덮치겠습니다"
181,"ui/icon/060000/060233.tex","어두운 하늘","어두운 하늘이 펼쳐지겠습니다","어두운 하늘이 펼쳐지겠으며","어두운 하늘이 펼쳐졌다가","어두운 하늘이 펼쳐지겠으며","어두운 하늘이 펼쳐지겠습니다"
182,"ui/icon/060000/060233.tex","어두운 하늘","어두운 하늘이 펼쳐지겠습니다","어두운 하늘이 펼쳐지겠으며","어두운 하늘이 펼쳐졌다가","어두운 하늘이 펼쳐지겠으며","어두운 하늘이 펼쳐지겠습니다"
183,"ui/icon/060000/060234.tex","가상","가상이 펼쳐지겠습니다","가상이 펼쳐지겠으며","가상이 펼쳐졌다가","가상이 펼쳐지겠으며","가상이 펼쳐지겠습니다"
184,"ui/icon/060000/060234.tex","가상","가상이 펼쳐지겠습니다","가상이 펼쳐지겠으며","가상이 펼쳐졌다가","가상이 펼쳐지겠으며","가상이 펼쳐지겠습니다"
185,"ui/icon/060000/060234.tex","가상","가상이 펼쳐지겠습니다","가상이 펼쳐지겠으며","가상이 펼쳐졌다가","가상이 펼쳐지겠으며","가상이 펼쳐지겠습니다"
186,"ui/icon/060000/060234.tex","가상","가상이 펼쳐지겠습니다","가상이 펼쳐지겠으며","가상이 펼쳐졌다가","가상이 펼쳐지겠으며","가상이 펼쳐지겠습니다"
187,"ui/icon/060000/060235.tex","기억","기억이 떠오르겠습니다","기억이 떠오르겠으며","기억이 떠오르다가","기억이 떠오르겠으며","기억이 떠오르겠습니다"
188,"ui/icon/060000/060236.tex","암운","암운이 드리우겠습니다","암운이 드리우겠으며","암운이 드리우다가","암운이 드리우겠으며","암운이 드리우겠습니다"
189,"ui/icon/060000/060234.tex","가상","가상이 펼쳐지겠습니다","가상이 펼쳐지겠으며","가상이 펼쳐졌다가","가상이 펼쳐지겠으며","가상이 펼쳐지겠습니다"
190,"ui/icon/060000/060238.tex","환영","환영이 보이겠습니다","환영이 보이겠으며","환영이 보이다가","환영이 보이겠으며","환영이 보이겠습니다"
191,"ui/icon/060000/060239.tex","환시","환시 현상이 일어나겠습니다","환시 현상이 일어나겠으며","환시 현상이 일어났다가","환시 현상이 일어나겠으며","환시 현상이 일어나겠습니다"
192,"ui/icon/060000/060240.tex","신기루","신기루가 보이겠습니다","신기루가 보이겠으며","신기루가 보이다가","신기루가 보이겠으며","신기루가 보이겠습니다"
193,"ui/icon/060000/060237.tex","정전기먼지","정전기먼지가 일겠습니다","정전기먼지가 일겠으며","정전기먼지가 일었다가","정전기먼지가 일겠으며","정전기먼지가 일겠습니다"
194,"ui/icon/060000/060241.tex","유성","유성이 떨어지겠습니다","유성이 떨어지겠으며","유성이 떨어지다가","유성이 떨어지겠으며","유성이 떨어지겠습니다"
195,"ui/icon/060000/060241.tex","유성","유성이 떨어지겠습니다","유성이 떨어지겠으며","유성이 떨어지다가","유성이 떨어지겠으며","유성이 떨어지겠습니다"
196,"ui/icon/060000/060223.tex","자기 폭풍","자기 폭풍이 불겠습니다","자기 폭풍이 불겠으며","자기 폭풍이 불었다가","자기 폭풍이 불겠으며","자기 폭풍이 불겠습니다"
197,"ui/icon/060000/060242.tex","포자 안개","포자 안개가 끼겠습니다","포자 안개가 끼겠으며","포자 안개가 끼었다가","포자 안개가 끼겠으며","포자 안개가 끼겠습니다"
198,"ui/icon/060000/060243.tex","죽음의 기운","죽음의 기운이 감돌겠습니다","죽음의 기운이 감돌겠으며","죽음의 기운이 감돌다가","죽음의 기운이 감돌겠으며","죽음의 기운이 감돌겠습니다"
199,"ui/icon/060000/060243.tex","죽음의 기운","죽음의 기운이 감돌겠습니다","죽음의 기운이 감돌겠으며","죽음의 기운이 감돌다가","죽음의 기운이 감돌겠으며","죽음의 기운이 감돌겠습니다"
200,"ui/icon/060000/060243.tex","죽음의 기운","죽음의 기운이 감돌겠습니다","죽음의 기운이 감돌겠으며","죽음의 기운이 감돌다가","죽음의 기운이 감돌겠으며","죽음의 기운이 감돌겠습니다"
201,"ui/icon/060000/060244.tex","한랭 기류","한랭 기류가 유입되겠습니다","한랭 기류가 유입되겠으며","한랭 기류가 유입되었다가","한랭 기류가 유입되겠으며","한랭 기류가 유입되겠습니다"
202,"ui/icon/060000/060245.tex","유리비","유리비가 내리겠습니다","유리비가 내리겠으며","유리비가 내렸다가","유리비가 내리겠으며","유리비가 내리겠습니다"
203,"ui/icon/060000/060209.tex","번개","번개가 치겠습니다","번개가 치겠으며","번개가 쳤다가","번개가 치겠으며","번개가 치겠습니다"
204,"ui/icon/060000/060209.tex","번개","번개가 치겠습니다","번개가 치겠으며","번개가 쳤다가","번개가 치겠으며","번개가 치겠습니다"
205,"ui/icon/060000/060246.tex","난중력","난중력이 발생하겠습니다","난중력이 발생하겠으며","난중력이 발생했다가","난중력이 발생하겠으며","난중력이 발생하겠습니다"
206,"ui/icon/060000/060247.tex","물거품 폭풍","물거품 폭풍이 불겠습니다","물거품 폭풍이 불겠으며","물거품 폭풍이 불었다가","물거품 폭풍이 불겠으며","물거품 폭풍이 불겠습니다"
207,,"","","","","",""
208,,"","","","","",""
209,"ui/icon/060000/060201.tex","쾌청","쾌청하겠습니다","쾌청하겠으며","쾌청했다가","쾌청해지겠으며","쾌청해지겠습니다"
210,"ui/icon/060000/060208.tex","폭우","폭우가 쏟아지겠습니다","폭우가 쏟아지겠으며","폭우가 쏟아졌다가","폭우가 쏟아지겠으며","폭우가 쏟아지겠습니다"
211,,"","","","","",""
212,,"","","","","",""
213,,"","","","","",""
214,,"","","","","",""
